{"initial_reset_timestamp": 1519228085.938414, "timestamps": [1519228090.59457, 1519228093.607449, 1519228096.506912, 1519228099.395631, 1519228102.827521, 1519228104.8934278, 1519228106.3818188, 1519228108.6732411, 1519228112.1089642, 1519228113.6205068, 1519228115.982673, 1519228118.709501, 1519228120.8171258, 1519228124.179343, 1519228125.9380631, 1519228129.2038772, 1519228131.61878, 1519228133.041373, 1519228135.978227, 1519228138.560388, 1519228140.284404, 1519228143.3529851, 1519228146.740959, 1519228149.326272, 1519228151.547712, 1519228153.938328, 1519228155.645393, 1519228158.7099211, 1519228160.095297, 1519228164.5839942, 1519228168.5192618, 1519228171.5719109, 1519228174.427382, 1519228178.415901, 1519228183.398255, 1519228187.308234, 1519228190.661859, 1519228194.224298, 1519228197.530405, 1519228200.1240919, 1519228202.6854038, 1519228204.510266, 1519228207.2731059, 1519228211.363486, 1519228215.057915, 1519228217.820961, 1519228221.113704, 1519228223.987666, 1519228225.994899, 1519228227.508043, 1519228229.99473, 1519228231.3573592, 1519228233.863967, 1519228235.8399968, 1519228239.391263, 1519228242.347559, 1519228245.034624, 1519228248.020894, 1519228250.1864908, 1519228251.398299, 1519228253.505485, 1519228255.6615171, 1519228258.3200371, 1519228261.095805, 1519228264.411245, 1519228266.566441, 1519228269.145186, 1519228271.9248798, 1519228274.118083, 1519228276.898638, 1519228279.727333, 1519228282.3313868, 1519228284.203294, 1519228285.9965088, 1519228288.762932, 1519228291.8247318, 1519228294.980741, 1519228297.397717, 1519228300.062109, 1519228302.168959, 1519228306.753848, 1519228310.197082, 1519228315.9401689, 1519228320.0526998, 1519228321.4046028, 1519228322.667178, 1519228324.4064891, 1519228325.8694909, 1519228327.895919, 1519228330.1874728, 1519228332.51857, 1519228333.705309, 1519228335.888672, 1519228338.213793, 1519228340.189974, 1519228342.495747, 1519228343.8613188, 1519228346.0656152, 1519228348.080714, 1519228350.328501], "episode_lengths": [247, 306, 310, 351, 491, 298, 213, 336, 500, 226, 331, 407, 310, 469, 258, 476, 355, 201, 442, 376, 242, 439, 491, 380, 305, 346, 249, 417, 228, 491, 417, 202, 305, 373, 406, 297, 407, 420, 355, 273, 322, 291, 348, 510, 626, 486, 487, 397, 246, 276, 387, 213, 412, 342, 459, 509, 466, 523, 348, 202, 372, 389, 449, 465, 478, 288, 338, 306, 356, 412, 427, 349, 212, 222, 344, 325, 379, 359, 371, 232, 483, 226, 448, 435, 203, 222, 304, 263, 356, 415, 437, 197, 397, 430, 359, 432, 221, 410, 374, 412], "episode_rewards": [1.0, 3.0, 3.0, 3.0, 6.0, 3.0, 1.0, 3.0, 6.0, 1.0, 3.0, 5.0, 3.0, 6.0, 2.0, 5.0, 3.0, 1.0, 5.0, 4.0, 2.0, 5.0, 6.0, 4.0, 3.0, 4.0, 2.0, 5.0, 1.0, 6.0, 5.0, 1.0, 3.0, 4.0, 5.0, 2.0, 4.0, 5.0, 4.0, 2.0, 3.0, 2.0, 4.0, 6.0, 12.0, 6.0, 6.0, 5.0, 1.0, 2.0, 4.0, 1.0, 5.0, 4.0, 6.0, 6.0, 6.0, 7.0, 4.0, 1.0, 4.0, 4.0, 8.0, 5.0, 6.0, 2.0, 3.0, 3.0, 3.0, 5.0, 5.0, 4.0, 1.0, 1.0, 4.0, 3.0, 4.0, 4.0, 4.0, 1.0, 6.0, 1.0, 5.0, 5.0, 1.0, 1.0, 3.0, 2.0, 4.0, 5.0, 5.0, 1.0, 4.0, 5.0, 4.0, 5.0, 1.0, 4.0, 4.0, 5.0], "episode_types": ["t", "t", "t", "t", "t", "t", "t", "t", "t", "t", "t", "t", "t", "t", "t", "t", "t", "t", "t", "t", "t", "t", "t", "t", "t", "t", "t", "t", "t", "t", "t", "t", "t", "t", "t", "t", "t", "t", "t", "t", "t", "t", "t", "t", "t", "t", "t", "t", "t", "t", "t", "t", "t", "t", "t", "t", "t", "t", "t", "t", "t", "t", "t", "t", "t", "t", "t", "t", "t", "t", "t", "t", "t", "t", "t", "t", "t", "t", "t", "t", "t", "t", "t", "t", "t", "t", "t", "t", "t", "t", "t", "t", "t", "t", "t", "t", "t", "t", "t", "t"]}