{"initial_reset_timestamp": 1519227727.5149162, "timestamps": [1519227732.724184, 1519227735.768948, 1519227738.592183, 1519227740.7634199, 1519227742.9635708, 1519227745.1765928, 1519227747.598092, 1519227750.227493, 1519227752.407954, 1519227755.4414232, 1519227759.277965, 1519227761.67664, 1519227765.025846, 1519227767.9222999, 1519227770.7983181, 1519227773.2747881, 1519227776.858381, 1519227779.3820128, 1519227782.7360818, 1519227785.278395, 1519227788.201525, 1519227790.712076, 1519227792.7761228, 1519227795.659611, 1519227798.47529, 1519227800.415072, 1519227803.751482, 1519227806.284661, 1519227807.932977, 1519227810.4791622, 1519227812.791062, 1519227815.856525, 1519227818.47694, 1519227821.514245, 1519227822.953645, 1519227824.385101, 1519227828.1301801, 1519227830.392237, 1519227834.039115, 1519227836.899669, 1519227839.2023711, 1519227841.937006, 1519227845.677772, 1519227848.439021, 1519227851.466594, 1519227854.5311239, 1519227857.5484219, 1519227860.343628, 1519227863.2620642, 1519227864.691145, 1519227866.2587478, 1519227869.302482, 1519227871.24975, 1519227874.2249632, 1519227877.974371, 1519227880.564425, 1519227881.9679759, 1519227884.641237, 1519227887.284984, 1519227890.229374, 1519227893.3473458, 1519227895.88512, 1519227899.195458, 1519227901.8123279, 1519227903.308794, 1519227905.7326112, 1519227908.309908, 1519227913.1025112, 1519227915.337172, 1519227918.069628, 1519227920.5614321, 1519227922.172468, 1519227924.331617, 1519227928.786386, 1519227932.106539, 1519227935.454525, 1519227938.503638, 1519227940.238571, 1519227942.1917691, 1519227944.3606899, 1519227946.3034701, 1519227949.44478, 1519227952.1675231, 1519227953.99925, 1519227956.937081, 1519227960.138765, 1519227962.4206872, 1519227964.919724, 1519227967.7943912, 1519227971.5997922, 1519227973.827424, 1519227975.399518, 1519227978.681328, 1519227980.239049, 1519227983.862615, 1519227986.553643, 1519227989.8753102, 1519227995.488884, 1519227997.670279, 1519228000.159092], "episode_lengths": [397, 430, 395, 315, 309, 314, 345, 382, 303, 437, 534, 338, 461, 405, 398, 358, 491, 357, 453, 371, 424, 360, 310, 413, 400, 276, 478, 373, 241, 374, 332, 432, 376, 440, 209, 202, 539, 306, 506, 407, 332, 378, 551, 405, 415, 442, 427, 400, 410, 206, 211, 459, 275, 416, 533, 369, 202, 377, 368, 429, 445, 357, 465, 355, 205, 341, 369, 671, 315, 386, 368, 237, 308, 626, 491, 491, 427, 244, 278, 302, 279, 448, 401, 246, 418, 457, 331, 355, 386, 505, 308, 211, 444, 210, 530, 381, 469, 823, 317, 347], "episode_rewards": [5.0, 5.0, 4.0, 3.0, 3.0, 3.0, 3.0, 4.0, 3.0, 5.0, 9.0, 3.0, 5.0, 5.0, 5.0, 4.0, 6.0, 4.0, 5.0, 4.0, 5.0, 4.0, 3.0, 4.0, 4.0, 2.0, 6.0, 4.0, 1.0, 4.0, 3.0, 6.0, 4.0, 6.0, 1.0, 1.0, 7.0, 3.0, 6.0, 5.0, 3.0, 4.0, 7.0, 5.0, 5.0, 5.0, 5.0, 4.0, 5.0, 1.0, 1.0, 5.0, 2.0, 5.0, 6.0, 4.0, 1.0, 4.0, 4.0, 5.0, 6.0, 4.0, 6.0, 4.0, 1.0, 3.0, 3.0, 12.0, 2.0, 4.0, 4.0, 1.0, 3.0, 8.0, 5.0, 6.0, 5.0, 2.0, 2.0, 3.0, 2.0, 5.0, 4.0, 2.0, 5.0, 6.0, 3.0, 4.0, 4.0, 6.0, 3.0, 1.0, 6.0, 1.0, 7.0, 4.0, 6.0, 15.0, 3.0, 3.0], "episode_types": ["t", "t", "t", "t", "t", "t", "t", "t", "t", "t", "t", "t", "t", "t", "t", "t", "t", "t", "t", "t", "t", "t", "t", "t", "t", "t", "t", "t", "t", "t", "t", "t", "t", "t", "t", "t", "t", "t", "t", "t", "t", "t", "t", "t", "t", "t", "t", "t", "t", "t", "t", "t", "t", "t", "t", "t", "t", "t", "t", "t", "t", "t", "t", "t", "t", "t", "t", "t", "t", "t", "t", "t", "t", "t", "t", "t", "t", "t", "t", "t", "t", "t", "t", "t", "t", "t", "t", "t", "t", "t", "t", "t", "t", "t", "t", "t", "t", "t", "t", "t"]}