{"initial_reset_timestamp": 1519305749.4898171, "timestamps": [1519305758.111786, 1519305761.984237, 1519305769.172878, 1519305775.50817, 1519305782.5032718, 1519305785.8479722, 1519305791.11941, 1519305799.430672, 1519305805.7408352, 1519305812.661963, 1519305818.751827, 1519305827.135825, 1519305839.4258938, 1519305851.78253, 1519305860.6182652, 1519305870.485537, 1519305874.562617, 1519305881.111378, 1519305889.2523751, 1519305894.648175, 1519305899.472555, 1519305904.906183, 1519305909.215343, 1519305915.538809, 1519305922.80243, 1519305927.026755, 1519305932.957809, 1519305937.048498, 1519305941.999118, 1519305946.573211, 1519305951.97578, 1519305957.9329531, 1519305962.78304, 1519305968.0531552, 1519305973.017153, 1519305979.025975, 1519305985.344223, 1519305989.2065, 1519305993.918319, 1519305999.7925, 1519306005.91573, 1519306010.8730712, 1519306013.6008372, 1519306016.9701078, 1519306021.851213, 1519306026.8153868, 1519306031.8308349, 1519306037.120169, 1519306042.606368, 1519306046.619373, 1519306052.34478, 1519306056.205909, 1519306059.429321, 1519306063.7278972, 1519306067.832972, 1519306071.905378, 1519306076.069249, 1519306081.066628, 1519306085.602921, 1519306089.591517, 1519306094.589715, 1519306100.244172, 1519306104.401247, 1519306108.0249379, 1519306112.008309, 1519306116.1543849, 1519306121.0860522, 1519306124.062573, 1519306128.738846, 1519306133.652055, 1519306140.307012, 1519306144.8011, 1519306151.0286238, 1519306158.38183, 1519306164.093146, 1519306168.861405, 1519306174.928631, 1519306179.130133, 1519306185.79539, 1519306190.8337731, 1519306195.8201442, 1519306200.240671, 1519306207.092951, 1519306212.402279, 1519306216.8228421, 1519306219.8563368, 1519306229.494796, 1519306237.4417112, 1519306244.786693, 1519306250.940693, 1519306258.03998, 1519306266.597151, 1519306272.7111192, 1519306279.278005, 1519306288.813756, 1519306298.373524, 1519306304.039932, 1519306308.287214, 1519306312.469405, 1519306318.2402718], "episode_lengths": [1016, 590, 1076, 979, 1062, 489, 794, 1272, 955, 1065, 918, 886, 730, 764, 717, 940, 534, 778, 572, 803, 706, 778, 627, 936, 1048, 618, 867, 580, 703, 656, 796, 881, 727, 786, 661, 804, 865, 534, 711, 850, 914, 850, 491, 455, 694, 744, 822, 896, 947, 700, 1005, 675, 564, 730, 722, 702, 691, 855, 775, 682, 822, 937, 704, 635, 636, 693, 845, 504, 700, 678, 946, 584, 696, 689, 679, 808, 830, 661, 1054, 878, 864, 755, 1146, 905, 681, 445, 880, 704, 727, 569, 712, 844, 600, 770, 898, 994, 720, 635, 674, 809], "episode_rewards": [20.0, 9.0, 27.0, 21.0, 21.0, 6.0, 19.0, 28.0, 19.0, 24.0, 16.0, 14.0, 11.0, 12.0, 11.0, 16.0, 7.0, 12.0, 9.0, 13.0, 10.0, 12.0, 10.0, 15.0, 21.0, 9.0, 14.0, 9.0, 10.0, 13.0, 17.0, 18.0, 17.0, 22.0, 10.0, 13.0, 15.0, 8.0, 10.0, 15.0, 16.0, 17.0, 6.0, 6.0, 10.0, 12.0, 14.0, 21.0, 22.0, 11.0, 25.0, 13.0, 8.0, 12.0, 12.0, 20.0, 11.0, 17.0, 13.0, 10.0, 12.0, 19.0, 14.0, 10.0, 10.0, 11.0, 17.0, 6.0, 13.0, 10.0, 24.0, 8.0, 15.0, 13.0, 10.0, 17.0, 13.0, 12.0, 19.0, 14.0, 21.0, 15.0, 23.0, 15.0, 11.0, 6.0, 15.0, 11.0, 11.0, 8.0, 11.0, 17.0, 12.0, 11.0, 24.0, 19.0, 18.0, 9.0, 13.0, 16.0], "episode_types": ["t", "t", "t", "t", "t", "t", "t", "t", "t", "t", "t", "t", "t", "t", "t", "t", "t", "t", "t", "t", "t", "t", "t", "t", "t", "t", "t", "t", "t", "t", "t", "t", "t", "t", "t", "t", "t", "t", "t", "t", "t", "t", "t", "t", "t", "t", "t", "t", "t", "t", "t", "t", "t", "t", "t", "t", "t", "t", "t", "t", "t", "t", "t", "t", "t", "t", "t", "t", "t", "t", "t", "t", "t", "t", "t", "t", "t", "t", "t", "t", "t", "t", "t", "t", "t", "t", "t", "t", "t", "t", "t", "t", "t", "t", "t", "t", "t", "t", "t", "t"]}