{"initial_reset_timestamp": 1519209915.21933, "timestamps": [1519209919.6344728, 1519209923.056264, 1519209928.684054, 1519209930.950496, 1519209932.651598, 1519209934.987046, 1519209937.24796, 1519209939.713186, 1519209941.3985689, 1519209943.8538601, 1519209947.028982, 1519209949.0926359, 1519209950.942349, 1519209952.5995278, 1519209956.384058, 1519209958.9760158, 1519209960.682522, 1519209964.387103, 1519209968.2662, 1519209971.281218], "episode_lengths": [212, 414, 625, 276, 213, 302, 274, 306, 209, 304, 335, 231, 211, 201, 488, 312, 207, 482, 496, 373], "episode_rewards": [1.0, 5.0, 8.0, 2.0, 1.0, 2.0, 2.0, 3.0, 1.0, 2.0, 3.0, 1.0, 1.0, 1.0, 6.0, 3.0, 1.0, 6.0, 7.0, 4.0], "episode_types": ["t", "t", "t", "t", "t", "t", "t", "t", "t", "t", "t", "t", "t", "t", "t", "t", "t", "t", "t", "t"]}